{"cameraMode":{"drawMode":0,"name":"Shaded","section":"Shading Mode"},"sceneLighting":true,"audioPlay":false,"sceneViewState":{"showFog":true,"showMaterialUpdate":true,"showSkybox":true,"showFlares":true,"showImageEffects":true,"showParticleSystems":true},"in2DMode":false,"pivot":{"x":5.698299407958984,"y":22.894189834594728,"z":2463.4736328125},"rotation":{"x":0.23623459041118623,"y":-0.08383901417255402,"z":0.020463526248931886,"w":0.9678561091423035},"size":135.11073303222657,"orthographic":false}