{"cameraMode":{"drawMode":1,"name":"Wireframe","section":"Shading Mode"},"sceneLighting":false,"audioPlay":false,"sceneViewState":{"showFog":true,"showMaterialUpdate":false,"showSkybox":false,"showFlares":true,"showImageEffects":true,"showParticleSystems":true},"in2DMode":false,"pivot":{"x":-2.972031831741333,"y":-0.9288749694824219,"z":-1.8345236778259278},"rotation":{"x":0.0820421427488327,"y":-0.8250822424888611,"z":0.12419062852859497,"w":0.5450552105903626},"size":11.935307502746582,"orthographic":true}