{"cameraMode":{"drawMode":0,"name":"Shaded","section":"Shading Mode"},"sceneLighting":true,"audioPlay":false,"sceneViewState":{"showFog":true,"showMaterialUpdate":true,"showSkybox":true,"showFlares":true,"showImageEffects":true,"showParticleSystems":true},"in2DMode":false,"pivot":{"x":-0.8274999856948853,"y":0.44999998807907107,"z":2.5475001335144045},"rotation":{"x":0.029688406735658647,"y":0.9651694297790527,"z":-0.1260848194360733,"w":0.22730854153633119},"size":22.0,"orthographic":true}