{"cameraMode":{"drawMode":0,"name":"Shaded","section":"Shading Mode"},"sceneLighting":true,"audioPlay":false,"sceneViewState":{"showFog":true,"showMaterialUpdate":true,"showSkybox":true,"showFlares":true,"showImageEffects":true,"showParticleSystems":true},"in2DMode":false,"pivot":{"x":3.711276054382324,"y":28.348270416259767,"z":32.72954177856445},"rotation":{"x":0.2917419672012329,"y":-0.0458892360329628,"z":0.01401448342949152,"w":0.9552928805351257},"size":67.85152435302735,"orthographic":false}