{"cameraMode":{"drawMode":0,"name":"Shaded","section":"Shading Mode"},"sceneLighting":false,"audioPlay":false,"sceneViewState":{"showFog":true,"showMaterialUpdate":false,"showSkybox":false,"showFlares":true,"showImageEffects":true,"showParticleSystems":true},"in2DMode":false,"pivot":{"x":29.299999237060548,"y":11.0,"z":102.80000305175781},"rotation":{"x":-0.7006505131721497,"y":0.009631188586354256,"z":-0.009459340944886208,"w":-0.7133769392967224},"size":100.41743469238281,"orthographic":false}