{"cameraMode":{"drawMode":0,"name":"Shaded","section":"Shading Mode"},"sceneLighting":false,"audioPlay":false,"sceneViewState":{"showFog":true,"showMaterialUpdate":false,"showSkybox":false,"showFlares":true,"showImageEffects":true,"showParticleSystems":true},"in2DMode":false,"pivot":{"x":1.570000171661377,"y":63.0,"z":67.0999984741211},"rotation":{"x":0.16536523401737214,"y":-0.8209056854248047,"z":0.2950108051300049,"w":0.46014872193336489},"size":10.366086959838868,"orthographic":true}