{"cameraMode":{"drawMode":0,"name":"Shaded","section":"Shading Mode"},"sceneLighting":true,"audioPlay":false,"sceneViewState":{"showFog":true,"showMaterialUpdate":false,"showSkybox":true,"showFlares":true,"showImageEffects":true,"showParticleSystems":true},"in2DMode":false,"pivot":{"x":0.0,"y":11.699999809265137,"z":9.84000015258789},"rotation":{"x":0.15101636946201325,"y":-0.16961729526519776,"z":0.026311608031392099,"w":0.9735151529312134},"size":9.055480003356934,"orthographic":true}