{"cameraMode":{"drawMode":0,"name":"Shaded","section":"Shading Mode"},"sceneLighting":false,"audioPlay":false,"sceneViewState":{"showFog":true,"showMaterialUpdate":false,"showSkybox":false,"showFlares":true,"showImageEffects":true,"showParticleSystems":true},"in2DMode":false,"pivot":{"x":1.08349609375,"y":0.32147216796875,"z":0.62109375},"rotation":{"x":0.04118925705552101,"y":-0.9112762808799744,"z":0.3987792134284973,"w":0.09409673511981964},"size":4.749962329864502,"orthographic":true}