{"cameraMode":{"drawMode":0,"name":"Shaded","section":"Shading Mode"},"sceneLighting":false,"audioPlay":false,"sceneViewState":{"showFog":true,"showMaterialUpdate":false,"showSkybox":false,"showFlares":true,"showImageEffects":true,"showParticleSystems":true},"in2DMode":false,"pivot":{"x":8.500008583068848,"y":0.0,"z":6.124996185302734},"rotation":{"x":0.0020632396917790176,"y":0.9967119097709656,"z":-0.026917772367596628,"w":0.07639764249324799},"size":541.7227783203125,"orthographic":false}