{"cameraMode":{"drawMode":0,"name":"Shaded","section":"Shading Mode"},"sceneLighting":false,"audioPlay":false,"sceneViewState":{"showFog":true,"showMaterialUpdate":true,"showSkybox":false,"showFlares":true,"showImageEffects":true,"showParticleSystems":true},"in2DMode":false,"pivot":{"x":2.0921096801757814,"y":37.68137741088867,"z":780.4208374023438},"rotation":{"x":0.023684624582529069,"y":-0.16095371544361115,"z":-0.0038636373355984689,"w":-0.986670196056366},"size":712.982666015625,"orthographic":false}