{"cameraMode":{"drawMode":0,"name":"Shaded","section":"Shading Mode"},"sceneLighting":true,"audioPlay":false,"sceneViewState":{"showFog":true,"showMaterialUpdate":true,"showSkybox":true,"showFlares":true,"showImageEffects":true,"showParticleSystems":true},"in2DMode":false,"pivot":{"x":10.460838317871094,"y":11.827186584472657,"z":1756.175048828125},"rotation":{"x":0.2650114893913269,"y":-0.42274799942970278,"z":0.13077130913734437,"w":0.856709897518158},"size":88.21833038330078,"orthographic":true}