{"cameraMode":{"drawMode":0,"name":"Shaded","section":"Shading Mode"},"sceneLighting":true,"audioPlay":false,"sceneViewState":{"showFog":true,"showMaterialUpdate":true,"showSkybox":true,"showFlares":true,"showImageEffects":true,"showParticleSystems":true},"in2DMode":false,"pivot":{"x":-1.3777656555175782,"y":-2.109907388687134,"z":2.544851541519165},"rotation":{"x":0.25344258546829226,"y":0.2420451045036316,"z":-0.06566272675991059,"w":0.9342748522758484},"size":5.4935808181762699,"orthographic":true}