{"cameraMode":{"drawMode":0,"name":"Shaded","section":"Shading Mode"},"sceneLighting":false,"audioPlay":false,"sceneViewState":{"showFog":true,"showMaterialUpdate":false,"showSkybox":false,"showFlares":true,"showImageEffects":true,"showParticleSystems":true},"in2DMode":false,"pivot":{"x":-4.428005218505859,"y":-78.5633316040039,"z":8738.5322265625},"rotation":{"x":-0.012879863381385804,"y":-0.9681869745254517,"z":0.24464204907417298,"w":-0.05097564309835434},"size":154.60182189941407,"orthographic":true}