{"cameraMode":{"drawMode":1,"name":"Wireframe","section":"Shading Mode"},"sceneLighting":true,"audioPlay":false,"sceneViewState":{"showFog":true,"showMaterialUpdate":false,"showSkybox":true,"showFlares":true,"showImageEffects":true,"showParticleSystems":true},"in2DMode":false,"pivot":{"x":1534.8150634765625,"y":103.24343872070313,"z":2052.649658203125},"rotation":{"x":-0.2821795642375946,"y":0.06813638657331467,"z":-0.020095789805054666,"w":-0.9567279815673828},"size":441.1644592285156,"orthographic":false}