{"cameraMode":{"drawMode":0,"name":"Shaded","section":"Shading Mode"},"sceneLighting":false,"audioPlay":false,"sceneViewState":{"showFog":true,"showMaterialUpdate":true,"showSkybox":false,"showFlares":true,"showImageEffects":true,"showParticleSystems":true},"in2DMode":false,"pivot":{"x":2.7615585327148439,"y":20.209381103515626,"z":300.8314514160156},"rotation":{"x":0.03387700393795967,"y":0.18805576860904694,"z":0.006490491330623627,"w":-0.9815525412559509},"size":274.1340637207031,"orthographic":false}