{"cameraMode":{"drawMode":0,"name":"Shaded","section":"Shading Mode"},"sceneLighting":true,"audioPlay":false,"sceneViewState":{"showFog":true,"showMaterialUpdate":false,"showSkybox":true,"showFlares":true,"showImageEffects":true,"showParticleSystems":true},"in2DMode":false,"pivot":{"x":0.3504610061645508,"y":12.016829490661621,"z":-0.5723352432250977},"rotation":{"x":0.07269696146249771,"y":-0.2078835666179657,"z":0.015492183156311512,"w":0.9753254652023315},"size":53.5173454284668,"orthographic":true}